# AccentRoute YouTube weak-label list v1 — this repo publishes URLs, timestamps and labels
# only; audio is never redistributed.
# Target size: 300–600 clips (small and tightly curated; stop-loss ladder ② can shrink it
# to ~300).
# evidence_level is assigned by hand during curation:
#   E1 = the speaker states their birthplace or where they grew up on camera, or the
#        channel bio spells out their background
#   E2 = channel region and content cues agree (local news anchor, regional dialect show)
#   E3 = model judgement alone — always rejected, never enters training
# Only E1/E2 clips that also agree with the Qwen majority vote are accepted (the consensus
# rule).
url,start_s,end_s,prior_label,evidence_level,evidence_note
